Building ID,Building Name,Floor,Suite Number,Floor Plan URL,Virtual Tour URL,Flyer URL
4,701 Brickell,33,3300,,,
4,701 Brickell,32,3200,,,
4,701 Brickell,31,3100,,,
4,701 Brickell,30,3000,,,
4,701 Brickell,29,2900,,,
4,701 Brickell,28,2800,,,
4,701 Brickell,27,2700,https://ahprd1cdn.csgpimgs.com/i2/V-sLxVR1rHGeWQ7rksR6yODk8QXgtdJVKnHzcVuu1RY/116/image.jpg,,https://ahprd1cdn.csgpimgs.com/d2/dfFkmluFqzUK8xUu6stH11t-H0qyIJwnnzEbRdrXLkw/document.pdf
4,701 Brickell,26,2610,https://ahprd1cdn.csgpimgs.com/i2/fbnlOfjh34m8gLv-4Pn3xBUkzIdbjFWrXYbR6P8GjSQ/116/image.jpg,,
4,701 Brickell,26,2620,,,
4,701 Brickell,26,2650,,,
4,701 Brickell,25,2500,https://ahprd1cdn.csgpimgs.com/i2/ppw59vQ5hH0NEme6HC0JN-zIfONC4hlAenIPzuDLiwg/116/image.jpg,,
4,701 Brickell,25,2550,,,
4,701 Brickell,24,2400,,,
4,701 Brickell,23,2300,,,
4,701 Brickell,23,2310,,,
4,701 Brickell,22,2220,,,
4,701 Brickell,22,2250,https://ahprd1cdn.csgpimgs.com/i2/T5MX9LSBYG8FlcH9MBLsNiix7AKtRvFH40PHh9fK3T0/116/image.jpg,,
4,701 Brickell,22,2280 & 2200,,,
4,701 Brickell,21,2100,,,
4,701 Brickell,21,2120,https://ahprd1cdn.csgpimgs.com/i2/eAGgSJs-kcCs-cPkZwloRtgKgsXaIzTBoiAkjzMCKX0/116/image.jpg,,
4,701 Brickell,21,2150,https://ahprd1cdn.csgpimgs.com/i2/AwVCfc6m020SkxjyYQPoz5A9Wa6Cv7jr1z9moXBr29c/116/image.jpg,,
4,701 Brickell,20,,,,
4,701 Brickell,20,,,,
4,701 Brickell,20,,,,
4,701 Brickell,20,2000,,,
4,701 Brickell,20,2040,https://ahprd1cdn.csgpimgs.com/i2/wzqKWrn6si_QnqZ54fUY4ql7Rja29POL_-K7ONz6K4Q/116/image.jpg,,
4,701 Brickell,20,2050,https://ahprd1cdn.csgpimgs.com/i2/8LUpbclLHBg0Ck1AjRGTNJN6QX4d2C4ROGR10wj1kVQ/116/image.jpg,,
4,701 Brickell,19,1900,,,
4,701 Brickell,19,1950,,,
4,701 Brickell,18,1800,,,
4,701 Brickell,17,1700,,,
4,701 Brickell,16,1600,,,
4,701 Brickell,16,1610 & 1660,,,
4,701 Brickell,16,1620,,,
4,701 Brickell,15,1500,,,
4,701 Brickell,15,1550,,,
4,701 Brickell,15,1550,,,
4,701 Brickell,14,1400,,,
4,701 Brickell,14,1420,https://ahprd1cdn.csgpimgs.com/i2/QPib5gJaoNo6gunZeg_JO1K2fiGyUlvtyfk3R4whtoI/116/image.jpg,,
4,701 Brickell,14,1440,,,
4,701 Brickell,14,1450,,,
4,701 Brickell,14,1480,https://ahprd1cdn.csgpimgs.com/i2/gj_GNU3fJvD1nF-xLKtW2VtTkirPd6tqu5jklHRB7w8/116/image.jpg,,
4,701 Brickell,14,1490,https://ahprd1cdn.csgpimgs.com/i2/bkzvVWaur_s8fxK8Hc_svOiugRzrTwfCOQOPivW9h0U/116/image.jpg,,
4,701 Brickell,13,1300,,,
4,701 Brickell,13,1310,,,
4,701 Brickell,12,1200,,,
4,701 Brickell,12,1250,,,
4,701 Brickell,12,1270,,,
4,701 Brickell,12,1280,https://ahprd1cdn.csgpimgs.com/i2/nkssvuxjTx5uj8JX2NhgVC_geW6Krr1jh6aoXQHMVU0/116/image.jpg,,
4,701 Brickell,11,1100,,,
4,701 Brickell,10,1000,,,
4,701 Brickell,9,900,,,
4,701 Brickell,8,800,,,
4,701 Brickell,8,850,,,
4,701 Brickell,8,850,,,
4,701 Brickell,8,860,,,
4,701 Brickell,8,860,,,
4,701 Brickell,7,700,,,
4,701 Brickell,6,600,,,
4,701 Brickell,5,500,,,
4,701 Brickell,4,400,,,
4,701 Brickell,3,300,,,
4,701 Brickell,2,200,,,
4,701 Brickell,1,100,,,
4,701 Brickell,1,101,,,
4,701 Brickell,1,103,,,
4,701 Brickell,1,107,,,
4,701 Brickell,1,110,,,
4,701 Brickell,1,Zara's Flowers,,,
5,830 Brickell,55,5500,,,
5,830 Brickell,54,5400,,,
5,830 Brickell,53,5300,,,
5,830 Brickell,52,5200,,,
5,830 Brickell,51,5100,,,
5,830 Brickell,50,5000,,,
5,830 Brickell,49,4900,,,
5,830 Brickell,48,4800,,,
5,830 Brickell,47,4700,,,
5,830 Brickell,46,4600,,,
5,830 Brickell,45,4500,,,
5,830 Brickell,45,4500,,,
5,830 Brickell,44,4400,,,
5,830 Brickell,43,4300,,,
5,830 Brickell,42,4200,,,
5,830 Brickell,41,4100,,,
5,830 Brickell,41,4150,,,https://ahprd1cdn.csgpimgs.com/d2/s_ZPwlpWsGs886rNnM4XQ_K2t45HGZc7K_67lY73KVM/document.pdf
5,830 Brickell,40,4000,,,
5,830 Brickell,39,3900,,,
5,830 Brickell,38,3800,,,
5,830 Brickell,37,3700,,,
5,830 Brickell,36,3600,,,
5,830 Brickell,35,3500,,,
5,830 Brickell,34,3400,,,
5,830 Brickell,33,3300,,,
5,830 Brickell,32,3201,,,
5,830 Brickell,32,3202,,,
5,830 Brickell,32,3203,,,
5,830 Brickell,31,3100,,,
5,830 Brickell,30,3000,,,
5,830 Brickell,29,2900,,,
5,830 Brickell,28,2800,,,
5,830 Brickell,27,2700,,,
5,830 Brickell,26,2600,,,
5,830 Brickell,25,2500,,,
5,830 Brickell,24,2400,,,
5,830 Brickell,23,2300,,,
5,830 Brickell,22,2200,,,
5,830 Brickell,21,2100,,,
5,830 Brickell,20,2000,,,
5,830 Brickell,19,1900,,,
5,830 Brickell,18,1800,,,
5,830 Brickell,17,1700,,,
5,830 Brickell,16,1600,,,
5,830 Brickell,15,1500,,,
5,830 Brickell,14,1400,,,
5,830 Brickell,13,,,,
5,830 Brickell,12,,,,
5,830 Brickell,11,,,,
5,830 Brickell,10,,,,
5,830 Brickell,9,,,,
5,830 Brickell,8,,,,
5,830 Brickell,7,,,,
5,830 Brickell,6,,,,
5,830 Brickell,5,500,,,
5,830 Brickell,4,,,,
5,830 Brickell,3,,,,
5,830 Brickell,2,,,,
5,830 Brickell,1,,,,
6,Brickell World Plaza,40,4000,,,
6,Brickell World Plaza,39,3900,,,
6,Brickell World Plaza,38,3800,,,
6,Brickell World Plaza,37,3700,,,
6,Brickell World Plaza,36,3600,,,
6,Brickell World Plaza,35,3500,,,
6,Brickell World Plaza,34,3450,,,
6,Brickell World Plaza,33,3300,,,
6,Brickell World Plaza,32,3200,,,
6,Brickell World Plaza,31,3100,,,
6,Brickell World Plaza,31,3150,,,
6,Brickell World Plaza,30,,,,
6,Brickell World Plaza,29,2950,https://ahprd1cdn.csgpimgs.com/i2/2IWydzwHQVQvHXZKqDSQCwre7PGH1oLYivyjEXpXAEY/116/image.jpg,,
6,Brickell World Plaza,28,2800,,,
6,Brickell World Plaza,28,2825,,,
6,Brickell World Plaza,28,2850,,,
6,Brickell World Plaza,27,2700,,,
6,Brickell World Plaza,26,2600,,,
6,Brickell World Plaza,26,2650,https://ahprd1cdn.csgpimgs.com/d2/hfdu5f8bLN4JMRW7DVc1f9KX9DA9oBQshFT9xXleWAU/document.pdf,,
6,Brickell World Plaza,25,2510,,,
6,Brickell World Plaza,25,2515,,,
6,Brickell World Plaza,25,2515,,,
6,Brickell World Plaza,25,2520,,,
6,Brickell World Plaza,25,2550,,,
6,Brickell World Plaza,25,2575,,,
6,Brickell World Plaza,24,2400,,,
6,Brickell World Plaza,23,2300,,,
6,Brickell World Plaza,22,2200,,,
6,Brickell World Plaza,22,2200,,,https://ahprd1cdn.csgpimgs.com/d2/Xy7W-qkEUqhAuaYW9mIN7KDGaTCq-O0SxIemgkSK0tU/document.pdf
6,Brickell World Plaza,21,2100,,,
6,Brickell World Plaza,21,2125,,,
6,Brickell World Plaza,20,2000,,,https://ahprd1cdn.csgpimgs.com/d2/CT2-8fh3q0S61VbPWG061IYvtb3LfyRmT-wpUcGc5vE/document.pdf
6,Brickell World Plaza,20,2050,,,
6,Brickell World Plaza,19,1900-1950,,,
6,Brickell World Plaza,18,1800,,,
6,Brickell World Plaza,18,1850,,,
6,Brickell World Plaza,18,1875,,,
6,Brickell World Plaza,18,1890,,,https://ahprd1cdn.csgpimgs.com/d2/dtRUU6-T6RVuTetMZoPqM7otg6-21f4y9qoAPfQBYXw/document.pdf
6,Brickell World Plaza,17,1705,,,
6,Brickell World Plaza,17,1710,https://ahprd1cdn.csgpimgs.com/i2/1HqXaOVncdpeb1q6v9u_dcsGi7NnqFmOCkSJSGCL5pk/117/image.jpg,,
6,Brickell World Plaza,17,1715,,,https://ahprd1cdn.csgpimgs.com/d2/1BCQ7d0uOX0a2nd2iI_LlDunA-x65r4KrG6oIWaLmHQ/document.pdf
6,Brickell World Plaza,17,1750,,,
6,Brickell World Plaza,17,1775,,,
6,Brickell World Plaza,17,1775,,,
6,Brickell World Plaza,16,1600,,,
6,Brickell World Plaza,16,1650,,,
6,Brickell World Plaza,15,1540,,,
6,Brickell World Plaza,15,1560,,,
6,Brickell World Plaza,15,1570,,,
6,Brickell World Plaza,15,1575,,,
6,Brickell World Plaza,14,1400,,,
6,Brickell World Plaza,14,1405,,,
6,Brickell World Plaza,14,1425,,,
6,Brickell World Plaza,13,,,,
6,Brickell World Plaza,12,,,,
6,Brickell World Plaza,11,,,,
6,Brickell World Plaza,10,,,,
6,Brickell World Plaza,9,,,,
6,Brickell World Plaza,8,,,,
6,Brickell World Plaza,7,,,,
6,Brickell World Plaza,6,,,,
6,Brickell World Plaza,5,,,,
6,Brickell World Plaza,4,,,,
6,Brickell World Plaza,3,,,,
6,Brickell World Plaza,2,,,,
6,Brickell World Plaza,1,,,,
6,Brickell World Plaza,1,,,,
6,Brickell World Plaza,1,125,,,
6,Brickell World Plaza,1,150,,,
8,1450 Brickell,35,3500,,,
8,1450 Brickell,34,3410,,,
8,1450 Brickell,33,3300,,,
8,1450 Brickell,32,3200,,,
8,1450 Brickell,31,3100,,,
8,1450 Brickell,30,3000,,,
8,1450 Brickell,30,3040,,,
8,1450 Brickell,30,3050,,,
8,1450 Brickell,29,2900,https://ahprd1cdn.csgpimgs.com/d2/ZQEdmA0vp3Ld830LVbpzCMiRm0SGs4QWmt3GwGoWHcM/document.pdf,,
8,1450 Brickell,29,2950,,,
8,1450 Brickell,29,2990,,,
8,1450 Brickell,28,2800,,,
8,1450 Brickell,27,2700,,,
8,1450 Brickell,27,2770,,,
8,1450 Brickell,27,2780,,,
8,1450 Brickell,26,2600,,,
8,1450 Brickell,26,2610,,,
8,1450 Brickell,26,2620,,,
8,1450 Brickell,26,2650,,,
8,1450 Brickell,25,2500,,,
8,1450 Brickell,25,2510,,,
8,1450 Brickell,25,2520,,,
8,1450 Brickell,25,2530,,,
8,1450 Brickell,25,2560,,,
8,1450 Brickell,24,2400,,,
8,1450 Brickell,24,2400,,,
8,1450 Brickell,23,2300,,,
8,1450 Brickell,22,2200,,,
8,1450 Brickell,21,,,,
8,1450 Brickell,21,2110,,,
8,1450 Brickell,21,2170,,,
8,1450 Brickell,21,2180,,,
8,1450 Brickell,20,2000,,,
8,1450 Brickell,20,2060,https://ahprd1cdn.csgpimgs.com/i2/ADFaXn20mWM0wA1g-hdydk8oA7GqxwB5f5GY3nRjkHM/117/image.png,,
8,1450 Brickell,20,2090,,,
8,1450 Brickell,19,1900,,,
8,1450 Brickell,18,1800,,,
8,1450 Brickell,17,1710,,,
8,1450 Brickell,17,1750,,,
8,1450 Brickell,16,1600,,,
8,1450 Brickell,16,1650,,,
8,1450 Brickell,16,1690,,,
8,1450 Brickell,15,1550,,,
8,1450 Brickell,14,,,,
8,1450 Brickell,14,,,,
8,1450 Brickell,14,,,,
8,1450 Brickell,14,1400,,,
8,1450 Brickell,14,1420,,,
8,1450 Brickell,14,1430,,,
8,1450 Brickell,12,1270,,,
8,1450 Brickell,11,,,,
8,1450 Brickell,11,,,,
8,1450 Brickell,10,,,,
8,1450 Brickell,9,,,,
8,1450 Brickell,9,950,,,
8,1450 Brickell,8,,,,
8,1450 Brickell,7,,,,
8,1450 Brickell,7,700 ,,,
8,1450 Brickell,6,600,,,
8,1450 Brickell,5,,,,
8,1450 Brickell,5,500,,,
8,1450 Brickell,4,,,,
8,1450 Brickell,4,400,,,
8,1450 Brickell,3,,,,
8,1450 Brickell,3,300,,,
8,1450 Brickell,2,,,,
8,1450 Brickell,1,,,,
8,1450 Brickell,1,,,,
9,1111 Brickell,30,3000,,,
9,1111 Brickell,29,2900,,,
9,1111 Brickell,29,2900,,,
9,1111 Brickell,28,2800,,,
9,1111 Brickell,28,2802,,,
9,1111 Brickell,28,2803,,,
9,1111 Brickell,28,2804,,,
9,1111 Brickell,28,2805,,,
9,1111 Brickell,27,2700,,,
9,1111 Brickell,27,2711,,,
9,1111 Brickell,27,2715,,https://my.matterport.com/show/?m=nifD8ivp5Lu,https://ahprd1cdn.csgpimgs.com/d2/ptGZ_ol0jbLpb-SDcxwiQHksa9LAKBuLzDCJD7TfDC4/document.pdf
9,1111 Brickell,27,2720,,,
9,1111 Brickell,27,2725,,https://my.matterport.com/show/?m=Fj9iATRt2fQ,https://ahprd1cdn.csgpimgs.com/d2/f6Q77FkH34KQZv0eUWl84TrdcJ9PwDSo5v7NObTmUbU/document.pdf
9,1111 Brickell,27,2750,,,
9,1111 Brickell,27,2775,,,
9,1111 Brickell,26,2600,,,
9,1111 Brickell,26,2625,https://ahprd1cdn.csgpimgs.com/d2/AqIB0DDlEhKulPiE4p3eMeYnTjaN1uJXfNzLDMR8QDs/document.pdf,,
9,1111 Brickell,26,2645,https://ahprd1cdn.csgpimgs.com/d2/Q_63OGIroSwn9UWwn1xiSrvCiZMG22y615lPVvKZW18/document.pdf,https://my.matterport.com/show/?m=SBAu23wwfdW,
9,1111 Brickell,26,2646,,,
9,1111 Brickell,26,2648,,,
9,1111 Brickell,26,2650,,,
9,1111 Brickell,25,2500 ,,,
9,1111 Brickell,24,2400,,,
9,1111 Brickell,23,2300,,,
9,1111 Brickell,22,2200,,,
9,1111 Brickell,21,2100,,,
9,1111 Brickell,21,2125,,,
9,1111 Brickell,21,2150,,,https://ahprd1cdn.csgpimgs.com/d2/dmFPDGUyjMo0v60PhOpGwGAbsvllF20KZlIe-Isd0DI/document.pdf
9,1111 Brickell,21,2170,,,
9,1111 Brickell,21,2180,,,
9,1111 Brickell,20,2000,,,
9,1111 Brickell,20,2015,,,
9,1111 Brickell,20,2050,,,
9,1111 Brickell,19,1900,https://ahprd1cdn.csgpimgs.com/d2/Zoyd4ebYX6SUSWflRb5tPMY_luxQNkBdPkBgSdxORNU/document.pdf,,
9,1111 Brickell,19,1950,,,
9,1111 Brickell,19,1975,https://ahprd1cdn.csgpimgs.com/d2/ccU5XfwLDP258b_vwh2q97JuKMWH7Oc-nYviQOZzih4/document.pdf,,
9,1111 Brickell,18,1800,https://ahprd1cdn.csgpimgs.com/d2/wwgsCGl1TFzMbFA_2-G5WsQs_23gBPUzZGxSll8kIzE/document.pdf,https://my.matterport.com/show/?m=QEoUDUgdhiQ,
9,1111 Brickell,18,1820,,,
9,1111 Brickell,18,1830,,,
9,1111 Brickell,18,1840,,,
9,1111 Brickell,18,1850,https://ahprd1cdn.csgpimgs.com/d2/pbtDJzts4f17hhmG9jkzOH_z817bL1TMn4Ed2p6tJ0o/document.pdf,,
9,1111 Brickell,18,1870,,,https://ahprd1cdn.csgpimgs.com/d2/D-WpGeFqzbe44xvYuVtMHAuhD4oFEBW45Q6EV1xikIc/document.pdf
9,1111 Brickell,17,1700,https://ahprd1cdn.csgpimgs.com/d2/uIjjgMfD0u8UTlc9Lqibyt5ghkacZ4wQNps_hA8f-3g/document.pdf,https://my.matterport.com/show/?m=naf7wnKP5DJ,
9,1111 Brickell,16,1600,https://ahprd1cdn.csgpimgs.com/d2/14e3Ku5psKpFiEz_ehpzD-lC6tvnRpnK9xT8uLFbiGw/document.pdf,https://my.matterport.com/show/?m=fZx88BhWdV9,
9,1111 Brickell,16,1650,,,
9,1111 Brickell,16,1675,,,
9,1111 Brickell,15,1500,,,
9,1111 Brickell,15,1515,,,
9,1111 Brickell,15,1525,https://ahprd1cdn.csgpimgs.com/d2/qgYkYdCZ9B_zo8YxLSYLYQ1VdYd2wuZH4H2dELmmL5c/document.pdf,,
9,1111 Brickell,15,1550,https://ahprd1cdn.csgpimgs.com/d2/4MEpB_Dj2MDgHfRF4r6o71v7QXdfOJbH_m0-2POulGM/document.pdf,,
9,1111 Brickell,15,1575,,,
9,1111 Brickell,14,1400,https://ahprd1cdn.csgpimgs.com/d2/vJ3nYWSiykxbhd1xbLLXUchU3sQlTIZwbBCqW1UZhtc/document.pdf,https://my.matterport.com/show/?m=6kBJrbw8MeQ,
9,1111 Brickell,13,1300,,,
9,1111 Brickell,13,1325,https://ahprd1cdn.csgpimgs.com/d2/0iyfp8KbGNxCXDipjuIzqF6_mOeZYNLBuk5WL-rLSxA/document.pdf,,
9,1111 Brickell,13,1350,,,
9,1111 Brickell,12,1200,,,
9,1111 Brickell,12,1250,,,
9,1111 Brickell,11,1100,,,
9,1111 Brickell,10,1000,,,
9,1111 Brickell,9,901,,,
9,1111 Brickell,8,,,,
9,1111 Brickell,7,,,,
9,1111 Brickell,6,,,,
9,1111 Brickell,5,,,,
9,1111 Brickell,4,,,,
9,1111 Brickell,3,,,,
9,1111 Brickell,2,,,,
9,1111 Brickell,1,,,,
9,1111 Brickell,1,,,,
9,1111 Brickell,1,,,,
9,1111 Brickell,1,105,,,
9,1111 Brickell,1,155,,,
9,1111 Brickell,1,165,,,
9,1111 Brickell,1,P1,,,
10,801 Brickell,28,,,,
10,801 Brickell,27,,,,
10,801 Brickell,26,2600,,,https://ahprd1cdn.csgpimgs.com/d2/zjdMMokSB_aiYoznZ9DsI2Jw4BS6SlXlC7MvI_rPvUE/document.pdf
10,801 Brickell,25,,,,
10,801 Brickell,25,2500,https://ahprd1cdn.csgpimgs.com/i2/AxK0aWUNhcNMULzpVur6pfpSiS_fxEBiLXUnTPu1Jzs/116/image.jpg,,
10,801 Brickell,25,2550,,,
10,801 Brickell,25,2560,,,
10,801 Brickell,24,2400,,,
10,801 Brickell,24,"2420, 2450",,,
10,801 Brickell,24,2440,https://ahprd1cdn.csgpimgs.com/i2/ph5V6S6MLN9UNK7cY7cLhjKz71SW9q4R27HDDiQNYTQ/116/image.jpg,,
10,801 Brickell,24,2470,,,
10,801 Brickell,23,,,,
10,801 Brickell,23,2300,https://ahprd1cdn.csgpimgs.com/i2/749H7IFE0-Lfhv9EecANfJ4z4yYbpDKXKOduGOESzak/116/image.jpg,,
10,801 Brickell,23,2310,,,
10,801 Brickell,23,2310,,,
10,801 Brickell,23,2360,,,
10,801 Brickell,22,2200,,,
10,801 Brickell,21,2100,,,
10,801 Brickell,21,2150,https://ahprd1cdn.csgpimgs.com/i2/94WyGr3dSB0WjwL1NDw8c2o-9ql6z36JZz9mTFPg6Vs/116/image.jpg,,
10,801 Brickell,21,2160,https://ahprd1cdn.csgpimgs.com/i2/zUOSZLf3CcPkCwzVV1LPlSO5TVrMs-TQAuIOzq6CtTQ/116/image.jpg,,
10,801 Brickell,20,2020,,,
10,801 Brickell,20,2020,,,
10,801 Brickell,20,2250,,,
10,801 Brickell,19,,,,
10,801 Brickell,19,,,,
10,801 Brickell,19,1900,https://ahprd1cdn.csgpimgs.com/i2/oqXXRicXQ6qtEW52OYgoS-4INPnRH7oNkJK-7GkSCzw/116/image.jpg,,
10,801 Brickell,19,1970,,,
10,801 Brickell,19,1970,,,
10,801 Brickell,18,1800,,,
10,801 Brickell,17,,,,
10,801 Brickell,16,,,,
10,801 Brickell,16,"1600, 1650",,,
10,801 Brickell,16,1610,,,
10,801 Brickell,15,"1500, 1550",,,
10,801 Brickell,14,1400,https://ahprd1cdn.csgpimgs.com/i2/o-tpbZzx6tUt_qu7wIlkkFRVq2i8OBN1ZBvA2zgFbUo/116/image.jpg,,
10,801 Brickell,14,1425,https://ahprd1cdn.csgpimgs.com/i2/x1P0wb715mLz0DJrDBiW61xbWcrjed3wXlOdZIIVOaE/116/image.jpg,,
10,801 Brickell,14,1450,,,
10,801 Brickell,13,,,,
10,801 Brickell,12,,,,
10,801 Brickell,12,,,,
10,801 Brickell,11,1100,,,
10,801 Brickell,10,1000,,,
10,801 Brickell,10,1050,,,
10,801 Brickell,10,1060/1090,,,
10,801 Brickell,9,900,,,
10,801 Brickell,9,900,,,
10,801 Brickell,9,901,https://ahprd1cdn.csgpimgs.com/i2/uES6ix3dSuQjVIdMg98avd-6wKPuC0wuwUxgSLjDVek/116/image.jpg,,
10,801 Brickell,8,800,,,
10,801 Brickell,7,,,,
10,801 Brickell,7,,,,
10,801 Brickell,6,600,https://ahprd1cdn.csgpimgs.com/i2/zdhorGE7Dyc_Y5uMv2Cq-lPFdVX_d-V8hmJhA6GivHU/116/image.jpg,,
10,801 Brickell,6,640,,,
10,801 Brickell,6,650,,,
10,801 Brickell,5,,,,
10,801 Brickell,5,,,,
10,801 Brickell,5,,,,
10,801 Brickell,5,510,,,
10,801 Brickell,4,,,,
10,801 Brickell,3,,,,
10,801 Brickell,2,,,,
10,801 Brickell,2,,,,
10,801 Brickell,2,210,,,
10,801 Brickell,1,,,,
10,801 Brickell,1,,,,
10,801 Brickell,1,,,,
10,801 Brickell,1,101,,,
10,801 Brickell,1,102,,,
11,1221 Brickell,27,PH,,,
11,1221 Brickell,26,2600,,,
11,1221 Brickell,26,2660,,,
11,1221 Brickell,25,2500,https://ahprd1cdn.csgpimgs.com/d2/0X9xLhdwlNSQTMbV76gA69zyVb9vp0uBfFgsWR1dY2g/document.pdf,https://my.matterport.com/show/?m=2aDFVkg3ZPB,
11,1221 Brickell,24,,,,
11,1221 Brickell,24,2400,,,
11,1221 Brickell,24,2450,,,
11,1221 Brickell,23,2300,,,
11,1221 Brickell,22,2200,,,
11,1221 Brickell,21,2100,https://ahprd1cdn.csgpimgs.com/i2/9R_FAGmu9VtnUBOOnbYQoY90wLJiA5YGJFgwUezcQ1Q/116/image.jpg,,
11,1221 Brickell,21,2110,,,
11,1221 Brickell,21,2130,,,
11,1221 Brickell,20,2000,,,
11,1221 Brickell,20,2000,,,
11,1221 Brickell,20,2010,,,
11,1221 Brickell,20,2040,,,
11,1221 Brickell,19,1900,,,
11,1221 Brickell,18,1800,,,
11,1221 Brickell,18,1810,,https://my.matterport.com/show/?m=6WLxww76kq9,https://ahprd1cdn.csgpimgs.com/d2/-mz5_rXK53pto7YFU6N509p-ZDlFocjZP1mz1IQOy_g/document.pdf
11,1221 Brickell,18,1860,,,
11,1221 Brickell,17,1700,,,
11,1221 Brickell,17,1720,,https://my.matterport.com/show/?m=JCbwaEKzKLv,https://ahprd1cdn.csgpimgs.com/d2/MShEXarvElayHOnprHgZRhDFHE-ux95kvsa4ScHkuKg/document.pdf
11,1221 Brickell,17,1740,,,
11,1221 Brickell,17,1750,,,
11,1221 Brickell,16,1600,,,
11,1221 Brickell,16,1660,,https://my.matterport.com/show/?m=7PXfCwmBTeq,https://ahprd1cdn.csgpimgs.com/d2/nX3ER_SR_pCfnaML6pMSse4ZPbnka1-GtVBlzcj7E9E/document.pdf
11,1221 Brickell,15,1500,,,
11,1221 Brickell,15,1540,,,
11,1221 Brickell,15,1550,,https://my.matterport.com/show/?m=nEuPpF7zo72,https://ahprd1cdn.csgpimgs.com/d2/k01IXeCvB6Dko4wwvRTu-DKYEOnKr_LbeP9BHOrOSvQ/document.pdf
11,1221 Brickell,15,1590,,,https://ahprd1cdn.csgpimgs.com/d2/gO9yeYFztlb6hyu58Zh6u7cgfyzJuiGtFLCJVUByE3s/document.pdf
11,1221 Brickell,14,1420,,,
11,1221 Brickell,14,1450,,,
11,1221 Brickell,14,1470,,,https://ahprd1cdn.csgpimgs.com/d2/RiykZ7IeKAC3Byb71dzStQWEHzBJ2BDTfYSdcMMsxNE/document.pdf
11,1221 Brickell,12,1200,,,
11,1221 Brickell,12,1210,,https://my.matterport.com/show/?m=RtGoEjh9uQt,https://ahprd1cdn.csgpimgs.com/d2/UuGC4zetQ1JNZhCNb6_gOt_Gs-RMzvGhgw5tgb1ame0/document.pdf
11,1221 Brickell,12,1230,,https://my.matterport.com/show/?m=QsvHsD8Rg5V,https://ahprd1cdn.csgpimgs.com/d2/X-3QGTuyo9vGlAQCyl1NQd9aY0NNrYHJEGdnGFDKv8w/document.pdf
11,1221 Brickell,12,1230,,,
11,1221 Brickell,12,1240,,,
11,1221 Brickell,11,,,,
11,1221 Brickell,11,1100,,,
11,1221 Brickell,11,1110,,,
11,1221 Brickell,11,1115,,,
11,1221 Brickell,11,1120,,https://my.matterport.com/show/?m=1BiGNMj5D23,https://ahprd1cdn.csgpimgs.com/d2/NLFZNonX2IDbtQZlCM6ecqfI9FQUF3dPeu0vSOCUzJM/document.pdf
11,1221 Brickell,11,1140,,,https://my.matterport.com/show/?m=1BiGNMj5D23
11,1221 Brickell,11,1170,,,
11,1221 Brickell,10,"1030, 1000",,,
11,1221 Brickell,10,1050,,https://my.matterport.com/show/?m=eeDNB5Bh99t,https://ahprd1cdn.csgpimgs.com/d2/ebQP9rKL-bK3-oFxi-5btFnRi1sce50yFMT81NoUswE/document.pdf
11,1221 Brickell,10,1060,,,
11,1221 Brickell,10,1070,,https://my.matterport.com/show/?m=dUhEnKXhdjA,https://ahprd1cdn.csgpimgs.com/d2/ISQgFe854GC7nLkw3P0FIbBzvcGd1uOHYZHnpIMsAWk/document.pdf
11,1221 Brickell,10,1090,,https://my.matterport.com/show/?m=Kq8uzXYx1Uf,https://ahprd1cdn.csgpimgs.com/d2/YEZuQHojbrVrk-YzpUBTzAek1eHFumMc8tMj0u5Squg/document.pdf
11,1221 Brickell,9,900,,,
11,1221 Brickell,8,800,,,
11,1221 Brickell,8,820,,,
11,1221 Brickell,8,860,,,
11,1221 Brickell,7,700,,,
11,1221 Brickell,7,730,,,https://ahprd1cdn.csgpimgs.com/d2/1gKvv2AeXBFIGHHBuMWCWXeWITh4pTJgdvACnqsstzc/document.pdf
11,1221 Brickell,7,750,,,https://ahprd1cdn.csgpimgs.com/d2/56KA2IGTM4WtZPmKRpOCfseFtI6ic04cAv3Rpz78SQE/document.pdf
11,1221 Brickell,7,770,,,
11,1221 Brickell,6,600,,https://my.matterport.com/show/?m=Psz6Vy5cR1D,https://ahprd1cdn.csgpimgs.com/d2/wquRlhDVMpMBDbKHxRTs6VX0Fsjbk_I9XthkRivDYhc/document.pdf
11,1221 Brickell,6,600,,,
11,1221 Brickell,6,620,,,
11,1221 Brickell,5,5,,,
11,1221 Brickell,5,5,,,
11,1221 Brickell,4,400,,https://my.matterport.com/show/?m=GvoqUwogkjC,https://ahprd1cdn.csgpimgs.com/d2/IJKan-aUeX3RhY8CEP1Yt4oDuGK1ZlLhEq8T1a0uZcc/document.pdf
11,1221 Brickell,3,300,,,
11,1221 Brickell,3,300,,,
11,1221 Brickell,2,200,,,
11,1221 Brickell,1,,,,
11,1221 Brickell,1,100,,,
11,1221 Brickell,1,102,,,
11,1221 Brickell,1,103,,,
11,1221 Brickell,1,120,,,
11,1221 Brickell,1,130,,,
11,1221 Brickell,1,R-102,,,
12,Brickell Bay Office Tower,31,3112,,,
12,Brickell Bay Office Tower,30,,,,
12,Brickell Bay Office Tower,29,2904,,,
12,Brickell Bay Office Tower,28,2800,,,
12,Brickell Bay Office Tower,27,2700,,,
12,Brickell Bay Office Tower,27,2701,,,
12,Brickell Bay Office Tower,27,2711,,,
12,Brickell Bay Office Tower,27,2719,,,
12,Brickell Bay Office Tower,27,2725,,,
12,Brickell Bay Office Tower,25,,,,
12,Brickell Bay Office Tower,25,2410,,,
12,Brickell Bay Office Tower,25,2508,,,
12,Brickell Bay Office Tower,24,2402,,,
12,Brickell Bay Office Tower,23,2300,,,
12,Brickell Bay Office Tower,23,2318,,,
12,Brickell Bay Office Tower,22,2206,,,
12,Brickell Bay Office Tower,20,,,,
12,Brickell Bay Office Tower,20,2012,,,
12,Brickell Bay Office Tower,20,2016,,,
12,Brickell Bay Office Tower,18,1812,,,
12,Brickell Bay Office Tower,17,1716,,,
12,Brickell Bay Office Tower,15,1502,,,
12,Brickell Bay Office Tower,15,1504,,,
12,Brickell Bay Office Tower,15,1510,,,
12,Brickell Bay Office Tower,15,1512,,,
12,Brickell Bay Office Tower,15,1512,,,
12,Brickell Bay Office Tower,14,1400,,,
12,Brickell Bay Office Tower,14,1410,,,
12,Brickell Bay Office Tower,12,1201,,,
12,Brickell Bay Office Tower,12,1206,,,
12,Brickell Bay Office Tower,12,1207,,,
12,Brickell Bay Office Tower,12,1210,,,
12,Brickell Bay Office Tower,12,1212,,,
12,Brickell Bay Office Tower,11,1100,,,
12,Brickell Bay Office Tower,10,1000,,,
12,Brickell Bay Office Tower,9,,,,
12,Brickell Bay Office Tower,9,900,,,
65,Brickell City Tower,33,3300,,,
65,Brickell City Tower,32,3200,,,
65,Brickell City Tower,31,3100,,,
65,Brickell City Tower,31,3102,,,
65,Brickell City Tower,31,3110,,,
65,Brickell City Tower,31,3150,,,
65,Brickell City Tower,30,3000,,,
65,Brickell City Tower,29,2900,,,https://ahprd1cdn.csgpimgs.com/d2/pptOqtUHJt0TD_jkmfl0JgpdoU5HbCdsuLF_6UzcQiA/document.pdf
65,Brickell City Tower,29,2910,https://ahprd1cdn.csgpimgs.com/d2/h6qvMhRSZkuqB0HNi2OHAjUBMXi1RDn_AnjVTb0L7-w/document.pdf,https://my.matterport.com/show/?m=rqwHQELrn5F,
65,Brickell City Tower,29,2920,,,
65,Brickell City Tower,28,2800,,,
65,Brickell City Tower,28,2801,,,
65,Brickell City Tower,28,2803,,,
65,Brickell City Tower,28,2805,,,
65,Brickell City Tower,28,2810,https://ahprd1cdn.csgpimgs.com/i2/f0qfoLyyJpGBYS4E5X8XF1g-HJFzxW3lwFvwyzYpRLw/116/image.png,https://my.matterport.com/show/?m=fF1CDNbtjiB,https://ahprd1cdn.csgpimgs.com/d2/zleC-mTPDSfKqakgB_U5aSQipY86nD72PRfcgwpY10o/document.pdf
65,Brickell City Tower,27,2700,,,
65,Brickell City Tower,27,2710,,,
65,Brickell City Tower,27,2750,,,
65,Brickell City Tower,26,2600,,,
65,Brickell City Tower,26,2630,https://ahprd1cdn.csgpimgs.com/d2/Y4rSwFE1MbhqeAuu6qLHqzWcw2J4g-IGANR9aFON7To/document.pdf,https://my.matterport.com/show/?m=gWcqnWVUGMA,
65,Brickell City Tower,26,2650,,,
65,Brickell City Tower,26,2660,,,
65,Brickell City Tower,26,2680,https://ahprd1cdn.csgpimgs.com/d2/fljIAoPabBRhsUTY-NVBaCZQTTYQ5T6csiXMXLCQJiU/document.pdf,,
65,Brickell City Tower,26,2750,,,
65,Brickell City Tower,25,,,,
65,Brickell City Tower,25,2500,,,
65,Brickell City Tower,25,2510,https://ahprd1cdn.csgpimgs.com/i2/p8I5HdXiWe1bLIpUa7idEzgr8kYLOCWqhOajL3j7Qvw/116/image.png,,
65,Brickell City Tower,25,2520,,,
65,Brickell City Tower,25,2590,,,
65,Brickell City Tower,24,2400,,,
65,Brickell City Tower,23,2300,,https://my.matterport.com/show/?m=f64ZKgyXkLK,https://ahprd1cdn.csgpimgs.com/d2/INWWCZVUvH2AW90w_96rvX_FfMVW-PYg7ef_DBgGgWI/document.pdf
65,Brickell City Tower,22,2200,,,
65,Brickell City Tower,22,2210,,,
65,Brickell City Tower,22,2220,,,
65,Brickell City Tower,22,2250,,,
65,Brickell City Tower,21,2100,,,
65,Brickell City Tower,21,2110,,,
65,Brickell City Tower,21,2150,,,
65,Brickell City Tower,21,2157,,,
65,Brickell City Tower,21,2160,,,
65,Brickell City Tower,21,2170,,,
65,Brickell City Tower,21,2180,,,
65,Brickell City Tower,21,2185,,,
65,Brickell City Tower,20,2000,,,
65,Brickell City Tower,19,1900,,https://my.matterport.com/show/?m=gWVJAddfYX2,https://ahprd1cdn.csgpimgs.com/d2/FYYXlOAw2YJLjf2scidz7xFkIdPSsIFumS7R4D9cYu0/document.pdf
65,Brickell City Tower,19,1999,,,
65,Brickell City Tower,18,1800,,https://my.matterport.com/show/?m=ShaknUwrryx,https://ahprd1cdn.csgpimgs.com/d2/H47NoVvMbBU3nSBcEn9LOY-gMb0141PlMj-L-fAfiXA/document.pdf
65,Brickell City Tower,18,1805,,,
65,Brickell City Tower,18,1830,,,
65,Brickell City Tower,18,1850,https://ahprd1cdn.csgpimgs.com/d2/7d2ExDuNJklglVDf2Uw4aiiqAltk_IlavMRWWFIh7vI/document.pdf,https://my.matterport.com/show/?m=xche7vBJRBV,
65,Brickell City Tower,17,,,,
65,Brickell City Tower,17,1700,,https://my.matterport.com/show/?m=hDqzs4Fqqhq,https://ahprd1cdn.csgpimgs.com/d2/YLqTsDlfz2QyF_x-GqCSwSxPb2xzSCC2BIXPNMkRW3w/document.pdf
65,Brickell City Tower,17,1720,,,
65,Brickell City Tower,17,1750,,,
65,Brickell City Tower,17,1780,,,
65,Brickell City Tower,1,,,,
66,Brickell Arch,36,3600,,,
66,Brickell Arch,35,3500,,,
66,Brickell Arch,34,3400,,,
66,Brickell Arch,33,3300,,,
66,Brickell Arch,32,3200,,,
66,Brickell Arch,31,3100,,,
66,Brickell Arch,30,3000,,,
66,Brickell Arch,29,2900,,,
66,Brickell Arch,28,2800,,,
66,Brickell Arch,27,2700,,,
66,Brickell Arch,26,2600,,,
66,Brickell Arch,25,2500,,,
66,Brickell Arch,24,2400,,,
66,Brickell Arch,23,2300,,,
66,Brickell Arch,22,2200,,,
66,Brickell Arch,21,2100,,,
66,Brickell Arch,20,2000,,,
66,Brickell Arch,19,1900,,,
66,Brickell Arch,18,1800,,,
66,Brickell Arch,17,1700,,,
66,Brickell Arch,16,1600,,,
66,Brickell Arch,15,1500,,,
66,Brickell Arch,15,1520,,,
66,Brickell Arch,15,1550,,,
66,Brickell Arch,15,1560,,,
66,Brickell Arch,14,1400,https://ahprd1cdn.csgpimgs.com/i2/WZMHYHUKgQjrlZ-hFisYKfc9LvH6NJ_fK7hgVpORVAk/116/image.png,,
66,Brickell Arch,13,1300,https://ahprd1cdn.csgpimgs.com/i2/b9uzgXpBoEMHYQ0hORJLGYpy5fXwTxQiH4IZoA-Cclg/116/image.jpg,,
66,Brickell Arch,12,1200,https://ahprd1cdn.csgpimgs.com/i2/ZGL_DXtKx1Twn_eDbhILnK3n6jZqDvc8ZWlPKd1cDJw/116/image.jpg,,
66,Brickell Arch,11,1100,,,
66,Brickell Arch,11,1130,https://gaedeke.com/properties/brickell-arch/availability/,,https://gaedeke.com/properties/brickell-arch/availability/
66,Brickell Arch,11,1140 ,https://ahprd1cdn.csgpimgs.com/i2/nXT3VggvdQVKKm9PS578mI7RSyNPjjfS_1IlWGhCGmY/116/image.jpg,,
66,Brickell Arch,11,1150,,,
66,Brickell Arch,11,1180,,,
66,Brickell Arch,10,,,,
66,Brickell Arch,10,1020,https://gaedeke.com/properties/brickell-arch/availability/,,
66,Brickell Arch,9,900,,,
66,Brickell Arch,9,950,,,
66,Brickell Arch,9,960,,,
66,Brickell Arch,7,700,,,
66,Brickell Arch,7,730,https://ahprd1cdn.csgpimgs.com/i2/pf3aLLBIcd_98QX1UIJGqrrVbRPL_JKvwYLngo1JbS4/116/image.jpg,,
66,Brickell Arch,7,740,https://gaedeke.com/properties/brickell-arch/availability/,,
66,Brickell Arch,7,750,,,
66,Brickell Arch,7,760,,,
66,Brickell Arch,7,780,,,
66,Brickell Arch,7,780,,,
66,Brickell Arch,7,790,,,
66,Brickell Arch,6,630,,,
66,Brickell Arch,6,690,,,
66,Brickell Arch,5,500,,,
66,Brickell Arch,5,550,https://product.costar.com/detail/all-properties/392062/lease,,
66,Brickell Arch,4,400,https://ahprd1cdn.csgpimgs.com/i2/1pKWIWNiva_T4O2UBFYkjK4ot-6WNW7NtthHLAOBMkg/116/image.jpg,,https://ahprd1cdn.csgpimgs.com/d2/5EGlwNktlw636A0mAxOBLZx9VTKSfMHMWposRmeYsHU/document.pdf
66,Brickell Arch,1,,,,
66,Brickell Arch,1,,,,
66,Brickell Arch,1,,,,
66,Brickell Arch,1,,,,
66,Brickell Arch,1,,,,
75,Brickell Key Centre II,11,1102,,,
75,Brickell Key Centre II,11,1104,https://ahprd1cdn.csgpimgs.com/i2/nGo9Uc2vbtPXXyOoyeqmALdEEHpCvU_AHjdoboBduT4/117/image.jpg,,
75,Brickell Key Centre II,10,1000,,,
75,Brickell Key Centre II,10,1050,,,
75,Brickell Key Centre II,10,1050,,,
75,Brickell Key Centre II,10,1080,https://ahprd1cdn.csgpimgs.com/i2/PFMeePfDpwimVpq7yRGv5pm0rvd6A-Uo5s3Byp1-RWg/116/image.jpg,,
75,Brickell Key Centre II,9,900,https://static1.squarespace.com/static/62ec71f07791a841800c0b1e/t/6720f85131694744849e8411/1730213969637/BKC+II+-+9th+Floor+-+23%2C324+SF.pdf,,
75,Brickell Key Centre II,9,901,,,
75,Brickell Key Centre II,8,800,https://ahprd1cdn.csgpimgs.com/d2/l3-RMXU-CDag3-Wv28iVypXB0v79n6U9Z3Jo6tErRRM/document.pdf,https://my.matterport.com/show/?m=vmrE15tC765,
75,Brickell Key Centre II,7,700,,,
75,Brickell Key Centre II,7,702,,,
75,Brickell Key Centre II,7,750,,,
75,Brickell Key Centre II,6,600,,,
75,Brickell Key Centre II,6,601,,,
75,Brickell Key Centre II,6,602,,,
75,Brickell Key Centre II,6,603,,,
75,Brickell Key Centre II,6,604,,,
75,Brickell Key Centre II,6,605,,,
75,Brickell Key Centre II,5,500,,,
75,Brickell Key Centre II,5,501,,,
75,Brickell Key Centre II,5,505,,,
75,Brickell Key Centre II,5,509,,,
75,Brickell Key Centre II,5,510,,,
75,Brickell Key Centre II,5,511,,,
75,Brickell Key Centre II,5,550,,,
75,Brickell Key Centre II,4,400,https://ahprd1cdn.csgpimgs.com/d2/vpThEctkIvu3bmQvzk9glIn5ZL7UXtIcjxy8jR0-6bs/document.pdf,,
75,Brickell Key Centre II,4,402,https://ahprd1cdn.csgpimgs.com/d2/trsVRG3Wrx5plnj4uHh2rgBKymKdkYqrupHy0bw3DJU/document.pdf,,
75,Brickell Key Centre II,4,404,,,
75,Brickell Key Centre II,4,406,,,
75,Brickell Key Centre II,3,300,,,
75,Brickell Key Centre II,2,200,,,
75,Brickell Key Centre II,1,100,,,
75,Brickell Key Centre II,1,101,,,
97,Brickell Key Centre I,7,700,,,
97,Brickell Key Centre I,6,600,,,
97,Brickell Key Centre I,6,601,,,
97,Brickell Key Centre I,6,603,https://ahprd1cdn.csgpimgs.com/i2/Ku7twYLbOW6v1MIftQ1nU_bt6kjQAs3yclDaL4B8ejY/116/image.jpg,https://my.matterport.com/show/?m=yirYJ8Ca6T1,
97,Brickell Key Centre I,5,500,,,
97,Brickell Key Centre I,5,500,https://ahprd1cdn.csgpimgs.com/d2/6kfe2DNdEAgQY2bPt4nwiP4j9zAk9Gil41rbE6khunY/document.pdf,https://my.matterport.com/show/?m=1vv3RWqkbTo,
97,Brickell Key Centre I,5,500,,,
97,Brickell Key Centre I,5,501,,,
97,Brickell Key Centre I,5,509,,,
97,Brickell Key Centre I,4,402,,,
97,Brickell Key Centre I,3,300,,,
97,Brickell Key Centre I,3,300,,,
97,Brickell Key Centre I,3,300B | 300C,,,
97,Brickell Key Centre I,3,300C,,,
97,Brickell Key Centre I,3,301,,,
97,Brickell Key Centre I,3,302,,,
97,Brickell Key Centre I,3,303,,,
97,Brickell Key Centre I,2,200,,,
97,Brickell Key Centre I,2,201,,,
97,Brickell Key Centre I,2,202,,,
97,Brickell Key Centre I,2,205,https://ahprd1cdn.csgpimgs.com/d2/7gF4IM2AuaB2ziaz0pFM8IQERaudP_qSOIVgyU8gtRc/document.pdf,https://my.matterport.com/show/?m=oxwtPUpAccE,
97,Brickell Key Centre I,1,100,,,
97,Brickell Key Centre I,1,102,,,
97,Brickell Key Centre I,1,103,,,
97,Brickell Key Centre I,1,104,,,
97,Brickell Key Centre I,0,,,,
97,Brickell Key Centre I,0,,,,
97,Brickell Key Centre I,0,,,,
97,Brickell Key Centre I,0,,,,
97,Brickell Key Centre I,0,,,,
194,Three Brickell City Centre,12,1200,,,
194,Three Brickell City Centre,11,1100,,,
194,Three Brickell City Centre,10,1000,,,
194,Three Brickell City Centre,9,900,,,
194,Three Brickell City Centre,8,800,,,
194,Three Brickell City Centre,7,700,,,
194,Three Brickell City Centre,6,600,,,
194,Three Brickell City Centre,6,601,,,
194,Three Brickell City Centre,6,620,,,
194,Three Brickell City Centre,5,500,,,
194,Three Brickell City Centre,4,,,,
194,Three Brickell City Centre,3,,,,
194,Three Brickell City Centre,2,,,,
194,Three Brickell City Centre,1,,,,
201,Four Seasons Hotel & Tower Office,17,1700,,,
201,Four Seasons Hotel & Tower Office,17,1710,,,
201,Four Seasons Hotel & Tower Office,17,1720,,,
201,Four Seasons Hotel & Tower Office,17,1730,,,
201,Four Seasons Hotel & Tower Office,16,1600?,,,
201,Four Seasons Hotel & Tower Office,15,1500,,,
201,Four Seasons Hotel & Tower Office,15,1510,,,
201,Four Seasons Hotel & Tower Office,15,1515,,,
201,Four Seasons Hotel & Tower Office,15,1520,,,
201,Four Seasons Hotel & Tower Office,15,1530,,,
201,Four Seasons Hotel & Tower Office,15,1550,,,
201,Four Seasons Hotel & Tower Office,14,1400,,,
201,Four Seasons Hotel & Tower Office,14,1420,,,https://ahprd1cdn.csgpimgs.com/d2/hxvYts9x70rrFnznMDGrmtQ6nAEkyPiQP9vupRNuB6U/document.pdf
201,Four Seasons Hotel & Tower Office,14,1420,,,
201,Four Seasons Hotel & Tower Office,14,1430,,,
201,Four Seasons Hotel & Tower Office,14,1440,,,
201,Four Seasons Hotel & Tower Office,14,1450,,,
201,Four Seasons Hotel & Tower Office,13,,,,
201,Four Seasons Hotel & Tower Office,12,1210,,,
201,Four Seasons Hotel & Tower Office,12,1220,,,
201,Four Seasons Hotel & Tower Office,12,1230,,,
201,Four Seasons Hotel & Tower Office,12,1300,,,
201,Four Seasons Hotel & Tower Office,11,1100,,,
201,Four Seasons Hotel & Tower Office,10,1001,,,
201,Four Seasons Hotel & Tower Office,10,1007,,,
201,Four Seasons Hotel & Tower Office,10,1008,,,
201,Four Seasons Hotel & Tower Office,10,1009,,,
201,Four Seasons Hotel & Tower Office,10,1010,,,
201,Four Seasons Hotel & Tower Office,10,1011,,,
201,Four Seasons Hotel & Tower Office,10,1012,,,
201,Four Seasons Hotel & Tower Office,10,1013,,,
201,Four Seasons Hotel & Tower Office,10,1014,,,
201,Four Seasons Hotel & Tower Office,10,1016,,,
201,Four Seasons Hotel & Tower Office,10,1017,,,
201,Four Seasons Hotel & Tower Office,10,1018,,,
201,Four Seasons Hotel & Tower Office,9,,,,
201,Four Seasons Hotel & Tower Office,8,,,,
201,Four Seasons Hotel & Tower Office,7,,,,
201,Four Seasons Hotel & Tower Office,6,,,,
201,Four Seasons Hotel & Tower Office,5,,,,
201,Four Seasons Hotel & Tower Office,4,,,,
201,Four Seasons Hotel & Tower Office,3,301,,,
201,Four Seasons Hotel & Tower Office,2,,,,
201,Four Seasons Hotel & Tower Office,1,,,,
472,Two Brickell City Centre,12,1200,,,
472,Two Brickell City Centre,11,1100,,,
472,Two Brickell City Centre,11,1101,,,
472,Two Brickell City Centre,11,1103,,,
472,Two Brickell City Centre,10,1000,,,
472,Two Brickell City Centre,9,900,,,
472,Two Brickell City Centre,8,800,,,
472,Two Brickell City Centre,7,700,,,
472,Two Brickell City Centre,6,600,,,
472,Two Brickell City Centre,5,500,,,
472,Two Brickell City Centre,4,,,,
472,Two Brickell City Centre,3,,,,
472,Two Brickell City Centre,2,,,,
472,Two Brickell City Centre,1,,,,
